Company,Name,Email,Phone,Address,City,State,Postal Code,Country,Vat No,CF 1,CF 2,CF 3,CF 4,CF 5,CF 6
Tecdiary IT Solutions,Mian Saleem,saleem@tecdiary.com,105292122,Taman Desa,Kuala Lumpur,WP,58100,Malaysia,,,,,,,
Haldiram,Ram Prasad,ramprasad@gmail.com,1.45132E+14,pratap nagar nagpur,Nagpur,Maharashtra,440112,India,,,,,,,
Fuel Station,Fuel,Fuel@gmail,167964,Bajaj Nagar,Nagpur,Maharashtra,440112,India,,,,,,,
Food links,Food,Foodlinks@gmail.com,15,manish nagar,Nagpur,Maharashtra,440112,India,,,,,,,
Satkar Café,Satkar,Café@GMAIL.COM,35945,SITABULDI,nAGPUR,Maharashtra,440112,India,,,,,,,
